{
  "Recall@1": 0.6429535376903798,
  "Hit@1": 0.6429535376903798,
  "Recall@5": 0.8741083477925583,
  "Hit@5": 0.8741083477925583,
  "Recall@10": 0.9190283400809717,
  "Hit@10": 0.9190283400809717,
  "MRR": 0.7415008828542691,
  "PageAcc": 0.6429535376903798,
  "num_samples": 5187
}