{
  "Recall@1": 0.6410256410256411,
  "Hit@1": 0.6410256410256411,
  "Recall@5": 0.8766146134567188,
  "Hit@5": 0.8766146134567188,
  "Recall@10": 0.919992288413341,
  "Hit@10": 0.919992288413341,
  "MRR": 0.7411030629075775,
  "PageAcc": 0.6410256410256411,
  "num_samples": 5187,
  "num_unique_docs": 927,
  "skipped_empty_candidates": 0,
  "doc_text_cache_hits": 4260,
  "doc_text_cache_misses": 927,
  "doc_retriever_cache_hits": 4260,
  "doc_retriever_cache_misses": 927,
  "doc_visual_cache_hits": 4260,
  "doc_visual_cache_misses": 927
}