{
  "Recall@1": 0.3905918642760748,
  "Hit@1": 0.3905918642760748,
  "Recall@5": 0.7698091382301908,
  "Hit@5": 0.7698091382301908,
  "Recall@10": 0.8810487757856179,
  "Hit@10": 0.8810487757856179,
  "MRR": 0.5522414093842677,
  "PageAcc": 0.3905918642760748,
  "num_samples": 5187
}