{
  "Recall@1": 0.6414112203585888,
  "Hit@1": 0.6414112203585888,
  "Recall@5": 0.8735299787931367,
  "Hit@5": 0.8735299787931367,
  "Recall@10": 0.9163292847503374,
  "Hit@10": 0.9163292847503374,
  "MRR": 0.7399411991517278,
  "PageAcc": 0.6414112203585888,
  "num_samples": 5187,
  "num_unique_docs": 927,
  "skipped_empty_candidates": 0,
  "doc_text_cache_hits": 4260,
  "doc_text_cache_misses": 927,
  "doc_retriever_cache_hits": 4260,
  "doc_retriever_cache_misses": 927,
  "doc_visual_cache_hits": 4260,
  "doc_visual_cache_misses": 927
}