{
  "Recall@1": 0.6412184306921149,
  "Hit@1": 0.6412184306921149,
  "Recall@5": 0.8764218237902448,
  "Hit@5": 0.8764218237902448,
  "Recall@10": 0.9180643917486023,
  "Hit@10": 0.9180643917486023,
  "MRR": 0.7407083031143209,
  "PageAcc": 0.6412184306921149,
  "num_samples": 5187,
  "num_unique_docs": 927,
  "skipped_empty_candidates": 0,
  "doc_text_cache_hits": 4260,
  "doc_text_cache_misses": 927,
  "doc_retriever_cache_hits": 4260,
  "doc_retriever_cache_misses": 927,
  "doc_visual_cache_hits": 4260,
  "doc_visual_cache_misses": 927
}