{
  "Recall@1": 0.6977058029689609,
  "Hit@1": 0.6977058029689609,
  "Recall@5": 0.8901098901098901,
  "Hit@5": 0.8901098901098901,
  "Recall@10": 0.9311740890688259,
  "Hit@10": 0.9311740890688259,
  "MRR": 0.7811124269770896,
  "PageAcc": 0.6977058029689609,
  "num_samples": 5187
}