{
  "Recall@1": 0.6419895893580104,
  "Hit@1": 0.6419895893580104,
  "Recall@5": 0.8752650857914016,
  "Hit@5": 0.8752650857914016,
  "Recall@10": 0.9192211297474455,
  "Hit@10": 0.9192211297474455,
  "MRR": 0.7409010927807942,
  "PageAcc": 0.6419895893580104,
  "num_samples": 5187,
  "num_unique_docs": 927,
  "skipped_empty_candidates": 0,
  "doc_text_cache_hits": 4260,
  "doc_text_cache_misses": 927,
  "doc_retriever_cache_hits": 4260,
  "doc_retriever_cache_misses": 927,
  "doc_visual_cache_hits": 4260,
  "doc_visual_cache_misses": 927
}