{
  "Recall@1": 0.6429535376903798,
  "Hit@1": 0.6429535376903798,
  "Recall@5": 0.8756506651243493,
  "Hit@5": 0.8756506651243493,
  "Recall@10": 0.9205706574127627,
  "Hit@10": 0.9205706574127627,
  "MRR": 0.7420016004602502,
  "PageAcc": 0.6429535376903798,
  "num_samples": 5187
}