{
  "Top@1": 0.44399460188933876,
  "Recall@1": 0.44399460188933876,
  "Hit@1": 0.44399460188933876,
  "Top@5": 0.6666666666666666,
  "Recall@5": 0.6666666666666666,
  "Hit@5": 0.6666666666666666,
  "Top@10": 0.6932716406400617,
  "Recall@10": 0.6932716406400617,
  "Hit@10": 0.6932716406400617,
  "Top@20": 0.9550800077115866,
  "Recall@20": 0.9550800077115866,
  "Hit@20": 0.9550800077115866,
  "Top@50": 0.9841912473491421,
  "Recall@50": 0.9841912473491421,
  "Hit@50": 0.9841912473491421,
  "MRR": 0.5588170924902417,
  "PageAcc": 0.44399460188933876,
  "num_samples": 5187,
  "nDCG@5": 0.5655393676229256,
  "NDCG@5": 0.5655393676229256,
  "nDCG@10": 0.5743503599680172,
  "NDCG@10": 0.5743503599680172,
  "nDCG@20": 0.645815879537115,
  "NDCG@20": 0.645815879537115,
  "num_labeled_samples": 5187,
  "num_unique_docs": 927,
  "num_unique_pages": 192775,
  "avg_candidate_set_size": 37.16502795450164,
  "id_space": "{doc_id}_p{page_index}",
  "id_space_description": "canonical MP-DocVQA page ids derived from dataset.page_id_template",
  "runtime_seconds": 37631.059648858965,
  "bm25_runtime_seconds": 4863.143641788862,
  "visual_runtime_seconds": 14207.965094335435,
  "ocr_runtime_seconds": 18558.995451459836,
  "merge_runtime_seconds": 0.9554612748324871,
  "avg_num_pages_before_coarse": 37.16502795450164,
  "avg_num_pages_after_coarse": 37.13244650086755,
  "coarse_topk": 600,
  "bm25_coarse_recall@10": 0.6761133603238867,
  "bm25_coarse_recall@50": 0.9024484287642183,
  "bm25_coarse_recall@100": 0.9637555427029111,
  "bm25_coarse_recall@600": 1.0,
  "dataset_path": "data/processed/mpdocvqa/val.jsonl",
  "visual_model_path": "/home/cuizhibin/projects/Models/nemotron-colembed-vl-8b-v2",
  "ocr_backend": "ocr_page_bm25_jina_v5_rerank",
  "ocr_pipeline_variant": "chunk_rerank",
  "final_merge_strategy": "rrf",
  "rrf_k": 60,
  "visual_embedding_cache_hits": 192606,
  "visual_embedding_cache_misses": 0,
  "ocr_bge_embedding_cache_hits": 4260,
  "ocr_bge_embedding_cache_misses": 927,
  "ocr_rerank_calls": 585129,
  "ocr_chunk_total_chunks": 585129,
  "ocr_chunk_rerank_samples": 5187,
  "ocr_chunk_scores_changed_samples": 5187,
  "skipped_empty_candidates": 0,
  "embedding_cache_hits": 192606,
  "embedding_cache_misses": 0,
  "num_hot_cached_embeddings": 0,
  "num_known_disk_embeddings": 19938
}