{
  "Top@1": 0.4048582995951417,
  "Recall@1": 0.4048582995951417,
  "Hit@1": 0.4048582995951417,
  "Top@5": 0.633314054366686,
  "Recall@5": 0.633314054366686,
  "Hit@5": 0.633314054366686,
  "Top@10": 0.6612685560053981,
  "Recall@10": 0.6612685560053981,
  "Hit@10": 0.6612685560053981,
  "Top@20": 0.954501638712165,
  "Recall@20": 0.954501638712165,
  "Hit@20": 0.954501638712165,
  "Top@50": 0.9843840370156159,
  "Recall@50": 0.9843840370156159,
  "Hit@50": 0.9843840370156159,
  "MRR": 0.5219916230394654,
  "PageAcc": 0.4048582995951417,
  "num_samples": 5187,
  "nDCG@5": 0.5271626377591372,
  "NDCG@5": 0.5271626377591372,
  "nDCG@10": 0.536397830926533,
  "NDCG@10": 0.536397830926533,
  "nDCG@20": 0.6166415577772103,
  "NDCG@20": 0.6166415577772103,
  "num_labeled_samples": 5187,
  "num_unique_docs": 927,
  "num_unique_pages": 192775,
  "avg_candidate_set_size": 37.16502795450164,
  "id_space": "{doc_id}_p{page_index}",
  "id_space_description": "canonical MP-DocVQA page ids derived from dataset.page_id_template",
  "runtime_seconds": 10989.446897939022,
  "bm25_runtime_seconds": 1006.6241190466098,
  "visual_runtime_seconds": 9295.436324755254,
  "ocr_runtime_seconds": 686.8602301052306,
  "merge_runtime_seconds": 0.5262240319279954,
  "avg_num_pages_before_coarse": 37.16502795450164,
  "avg_num_pages_after_coarse": 37.13244650086755,
  "coarse_topk": 600,
  "bm25_coarse_recall@10": 0.6761133603238867,
  "bm25_coarse_recall@50": 0.9024484287642183,
  "bm25_coarse_recall@100": 0.9637555427029111,
  "bm25_coarse_recall@600": 1.0,
  "dataset_path": "data/processed/mpdocvqa/val.jsonl",
  "visual_model_path": "/home/cuizhibin/projects/Models/nemotron-colembed-vl-8b-v2",
  "ocr_backend": "ocr_page_bm25_jina_v5_rerank",
  "final_merge_strategy": "rrf",
  "rrf_k": 60,
  "visual_embedding_cache_hits": 192606,
  "visual_embedding_cache_misses": 0,
  "ocr_bge_embedding_cache_hits": 4260,
  "ocr_bge_embedding_cache_misses": 927,
  "ocr_rerank_calls": 5187,
  "skipped_empty_candidates": 0,
  "embedding_cache_hits": 192606,
  "embedding_cache_misses": 0,
  "num_hot_cached_embeddings": 0,
  "num_known_disk_embeddings": 19938
}