{
  "Top@1": 0.7090803932909197,
  "Recall@1": 0.7090803932909197,
  "Hit@1": 0.7090803932909197,
  "Top@5": 0.8773857721226143,
  "Recall@5": 0.8773857721226143,
  "Hit@5": 0.8773857721226143,
  "Top@10": 0.915365336417968,
  "Recall@10": 0.915365336417968,
  "Hit@10": 0.915365336417968,
  "Top@20": 0.9431270483902063,
  "Recall@20": 0.9431270483902063,
  "Hit@20": 0.9431270483902063,
  "Top@50": 0.9714671293618662,
  "Recall@50": 0.9714671293618662,
  "Hit@50": 0.9714671293618662,
  "MRR": 0.7844084265410538,
  "PageAcc": 0.7090803932909197,
  "num_samples": 5187,
  "nDCG@5": 0.8017161572493215,
  "NDCG@5": 0.8017161572493215,
  "nDCG@10": 0.814170161002745,
  "NDCG@10": 0.814170161002745,
  "nDCG@20": 0.8212590481372073,
  "NDCG@20": 0.8212590481372073,
  "num_labeled_samples": 5187,
  "num_unique_docs": 927,
  "num_unique_pages": 192775,
  "avg_candidate_set_size": 37.16502795450164,
  "id_space": "{doc_id}_p{page_index}",
  "id_space_description": "canonical MP-DocVQA page ids derived from dataset.page_id_template",
  "runtime_seconds": 24919.53123256797,
  "bm25_runtime_seconds": 3635.774544689455,
  "visual_runtime_seconds": 20752.52334315545,
  "ocr_runtime_seconds": 518.7430489598773,
  "dynamic_runtime_seconds": 12.490295763185713,
  "avg_num_pages_before_coarse": 37.16502795450164,
  "avg_num_pages_after_coarse": 37.13244650086755,
  "coarse_topk": 600,
  "bm25_coarse_recall@10": 0.6761133603238867,
  "bm25_coarse_recall@50": 0.9024484287642183,
  "bm25_coarse_recall@100": 0.9637555427029111,
  "bm25_coarse_recall@600": 1.0,
  "dataset_path": "data/processed/mpdocvqa/val.jsonl",
  "visual_model_path": "/home/cuizhibin/projects/Models/nemotron-colembed-vl-8b-v2",
  "ocr_backend": "ocr_page_bm25_bge_rerank",
  "visual_backend": "nemotron-colembed-vl-8b-v2",
  "dynamic_stage": "dynamic_rules",
  "dynamic_weighting_reused_from": "colqwen_dynamic_branch",
  "checkpoint_subdir": "adaptive_fusion_dynamic_rules",
  "visual_embedding_cache_hits": 192606,
  "visual_embedding_cache_misses": 0,
  "ocr_bge_embedding_cache_hits": 2452,
  "ocr_bge_embedding_cache_misses": 800,
  "ocr_rerank_calls": 3252,
  "skipped_empty_candidates": 0,
  "embedding_cache_hits": 192606,
  "embedding_cache_misses": 0,
  "num_hot_cached_embeddings": 0,
  "num_known_disk_embeddings": 19938,
  "query_aware_routing_enabled": true,
  "route_conf_high": 0.25,
  "route_conf_low": 0.03,
  "num_route_visual": 1935,
  "num_route_ocr": 279,
  "num_route_fusion": 2973,
  "route_visual_ratio": 0.373048004626952,
  "route_ocr_ratio": 0.05378831694621168,
  "route_fusion_ratio": 0.5731636784268364,
  "avg_route_visual_confidence": 0.2588239956251431,
  "avg_visual_weight": 0.49380979859371327,
  "avg_ocr_weight": 0.5061902014062865,
  "weight_by_query_bucket": {
    "generic_query": {
      "avg_visual_weight": 0.5206307373749083,
      "avg_ocr_weight": 0.47936926262509105
    },
    "ocr_query": {
      "avg_visual_weight": 0.3393667181550582,
      "avg_ocr_weight": 0.6606332818449432
    },
    "visual_query": {
      "avg_visual_weight": 0.5882886635534152,
      "avg_ocr_weight": 0.41171133644658464
    }
  },
  "weight_by_page_bucket": {
    "mixed_page": {
      "avg_visual_weight": 0.49380979859371327,
      "avg_ocr_weight": 0.5061902014062865
    }
  },
  "route_collapse_ratio": 0.0,
  "rule_variant_name": "combined"
}