{
  "Top@1": 0.7169847696163486,
  "Recall@1": 0.7169847696163486,
  "Hit@1": 0.7169847696163486,
  "Top@5": 0.8993637941006362,
  "Recall@5": 0.8993637941006362,
  "Hit@5": 0.8993637941006362,
  "Top@10": 0.9359938307306729,
  "Recall@10": 0.9359938307306729,
  "Hit@10": 0.9359938307306729,
  "Top@20": 0.9631771737034895,
  "Recall@20": 0.9631771737034895,
  "Hit@20": 0.9631771737034895,
  "Top@50": 0.9849624060150376,
  "Recall@50": 0.9849624060150376,
  "Hit@50": 0.9849624060150376,
  "MRR": 0.7983191367270837,
  "PageAcc": 0.7169847696163486,
  "num_samples": 5187,
  "nDCG@5": 0.8180689624873165,
  "NDCG@5": 0.8180689624873165,
  "nDCG@10": 0.8300475302670284,
  "NDCG@10": 0.8300475302670284,
  "nDCG@20": 0.8369614170859357,
  "NDCG@20": 0.8369614170859357,
  "num_labeled_samples": 5187,
  "num_unique_docs": 927,
  "num_unique_pages": 192775,
  "avg_candidate_set_size": 37.16502795450164,
  "id_space": "{doc_id}_p{page_index}",
  "id_space_description": "canonical MP-DocVQA page ids derived from dataset.page_id_template",
  "runtime_seconds": 27574.34283982101,
  "bm25_runtime_seconds": 4227.372404377558,
  "visual_runtime_seconds": 22820.94387537823,
  "ocr_runtime_seconds": 526.0265600652201,
  "dynamic_runtime_seconds": 0.0,
  "avg_num_pages_before_coarse": 37.16502795450164,
  "avg_num_pages_after_coarse": 37.13244650086755,
  "coarse_topk": 600,
  "bm25_coarse_recall@10": 0.6761133603238867,
  "bm25_coarse_recall@50": 0.9024484287642183,
  "bm25_coarse_recall@100": 0.9637555427029111,
  "bm25_coarse_recall@600": 1.0,
  "dataset_path": "data/processed/mpdocvqa/val.jsonl",
  "visual_model_path": "/home/cuizhibin/projects/Models/nemotron-colembed-vl-8b-v2",
  "ocr_backend": "ocr_page_bm25_bge_rerank",
  "visual_backend": "nemotron-colembed-vl-8b-v2",
  "dynamic_stage": "dynamic_rules",
  "dynamic_weighting_reused_from": "colqwen_dynamic_branch",
  "checkpoint_subdir": "adaptive_fusion_dynamic_rules",
  "visual_embedding_cache_hits": 192606,
  "visual_embedding_cache_misses": 0,
  "ocr_bge_embedding_cache_hits": 1916,
  "ocr_bge_embedding_cache_misses": 665,
  "ocr_rerank_calls": 2581,
  "skipped_empty_candidates": 0,
  "embedding_cache_hits": 192606,
  "embedding_cache_misses": 0,
  "num_hot_cached_embeddings": 0,
  "num_known_disk_embeddings": 19938,
  "selective_confidence_enabled": true,
  "selective_conf_high": 0.2,
  "selective_conf_low": 0.05,
  "lambda_ocr_generic": 0.04,
  "lambda_ocr_query": 0.1,
  "lambda_visual_query": 0.01,
  "num_visual_only": 2606,
  "num_full_fusion": 1678,
  "num_partial_fusion": 903,
  "visual_only_ratio": 0.5024098708309235,
  "full_fusion_ratio": 0.3235010603431656,
  "partial_fusion_ratio": 0.17408906882591094,
  "fusion_ratio": 0.4975901291690765,
  "avg_confidence": 0.35020629753376076,
  "avg_lambda_ocr": 0.040941495544363125,
  "query_type_counts": {
    "ocr_query": 1290,
    "visual_query": 268,
    "generic_query": 3629
  },
  "fusion_equation": "final_score = normalized_visual_score + effective_lambda_ocr * normalized_ocr_score",
  "rule_variant_name": "combined"
}