{
  "Top@1": 0.7183342972816658,
  "Recall@1": 0.7183342972816658,
  "Hit@1": 0.7183342972816658,
  "Top@5": 0.8958935801041065,
  "Recall@5": 0.8958935801041065,
  "Hit@5": 0.8958935801041065,
  "Top@10": 0.9329091960670908,
  "Recall@10": 0.9329091960670908,
  "Hit@10": 0.9329091960670908,
  "Top@20": 0.9570079043763254,
  "Recall@20": 0.9570079043763254,
  "Hit@20": 0.9570079043763254,
  "Top@50": 0.9841912473491421,
  "Recall@50": 0.9841912473491421,
  "Hit@50": 0.9841912473491421,
  "MRR": 0.7982907471679598,
  "PageAcc": 0.7183342972816658,
  "num_samples": 5187,
  "nDCG@5": 0.8171382823368009,
  "NDCG@5": 0.8171382823368009,
  "nDCG@10": 0.8292823178438277,
  "NDCG@10": 0.8292823178438277,
  "nDCG@20": 0.8354170851852216,
  "NDCG@20": 0.8354170851852216,
  "num_labeled_samples": 5187,
  "num_unique_docs": 927,
  "num_unique_pages": 192775,
  "avg_candidate_set_size": 37.16502795450164,
  "id_space": "{doc_id}_p{page_index}",
  "id_space_description": "canonical MP-DocVQA page ids derived from dataset.page_id_template",
  "runtime_seconds": 26534.808826174005,
  "bm25_runtime_seconds": 6102.980793303752,
  "visual_runtime_seconds": 19654.680419907323,
  "ocr_runtime_seconds": 752.9320194560569,
  "dynamic_runtime_seconds": 24.21559350687312,
  "avg_num_pages_before_coarse": 37.16502795450164,
  "avg_num_pages_after_coarse": 37.13244650086755,
  "coarse_topk": 600,
  "bm25_coarse_recall@10": 0.6761133603238867,
  "bm25_coarse_recall@50": 0.9024484287642183,
  "bm25_coarse_recall@100": 0.9637555427029111,
  "bm25_coarse_recall@600": 1.0,
  "dataset_path": "data/processed/mpdocvqa/val.jsonl",
  "visual_model_path": "/home/cuizhibin/projects/Models/nemotron-colembed-vl-8b-v2",
  "ocr_backend": "ocr_page_bm25_bge_rerank",
  "visual_backend": "nemotron-colembed-vl-8b-v2",
  "dynamic_stage": "dynamic_rules",
  "dynamic_weighting_reused_from": "colqwen_dynamic_branch",
  "checkpoint_subdir": "adaptive_fusion_dynamic_rules",
  "visual_embedding_cache_hits": 192606,
  "visual_embedding_cache_misses": 0,
  "ocr_bge_embedding_cache_hits": 4260,
  "ocr_bge_embedding_cache_misses": 927,
  "ocr_rerank_calls": 5187,
  "skipped_empty_candidates": 0,
  "embedding_cache_hits": 192606,
  "embedding_cache_misses": 0,
  "num_hot_cached_embeddings": 0,
  "num_known_disk_embeddings": 19938,
  "avg_visual_weight": 0.49604998770184794,
  "avg_ocr_weight": 0.5039500122981523,
  "weight_by_query_bucket": {
    "visual_query": {
      "avg_visual_weight": 0.5767885256543397,
      "avg_ocr_weight": 0.4232114743456604
    },
    "generic_query": {
      "avg_visual_weight": 0.5318413486334612,
      "avg_ocr_weight": 0.4681586513665365
    },
    "ocr_query": {
      "avg_visual_weight": 0.3498034452911992,
      "avg_ocr_weight": 0.6501965547088008
    }
  },
  "weight_by_page_bucket": {
    "mixed_page": {
      "avg_visual_weight": 0.49604998770184794,
      "avg_ocr_weight": 0.5039500122981523
    }
  },
  "route_collapse_ratio": 0.0,
  "rule_variant_name": "combined"
}