{
  "Top@1": 0.41526894158473104,
  "Recall@1": 0.41526894158473104,
  "Hit@1": 0.41526894158473104,
  "Top@5": 0.6462309620204357,
  "Recall@5": 0.6462309620204357,
  "Hit@5": 0.6462309620204357,
  "Top@10": 0.6763061499903605,
  "Recall@10": 0.6763061499903605,
  "Hit@10": 0.6763061499903605,
  "Top@20": 0.9512242143821091,
  "Recall@20": 0.9512242143821091,
  "Hit@20": 0.9512242143821091,
  "Top@50": 0.9832272990167727,
  "Recall@50": 0.9832272990167727,
  "Hit@50": 0.9832272990167727,
  "MRR": 0.536272264915841,
  "PageAcc": 0.41526894158473104,
  "num_samples": 5187,
  "nDCG@5": 0.5421338642751262,
  "NDCG@5": 0.5421338642751262,
  "nDCG@10": 0.5522028706107306,
  "NDCG@10": 0.5522028706107306,
  "nDCG@20": 0.6273854071873045,
  "NDCG@20": 0.6273854071873045,
  "num_labeled_samples": 5187,
  "num_unique_docs": 927,
  "num_unique_pages": 192775,
  "avg_candidate_set_size": 37.16502795450164,
  "id_space": "{doc_id}_p{page_index}",
  "id_space_description": "canonical MP-DocVQA page ids derived from dataset.page_id_template",
  "runtime_seconds": 58193.816584571,
  "bm25_runtime_seconds": 1003.6700214929879,
  "visual_runtime_seconds": 56791.12134296811,
  "ocr_runtime_seconds": 398.51086788243265,
  "merge_runtime_seconds": 0.5143522274738643,
  "avg_num_pages_before_coarse": 37.16502795450164,
  "avg_num_pages_after_coarse": 37.13244650086755,
  "coarse_topk": 600,
  "bm25_coarse_recall@10": 0.6761133603238867,
  "bm25_coarse_recall@50": 0.9024484287642183,
  "bm25_coarse_recall@100": 0.9637555427029111,
  "bm25_coarse_recall@600": 1.0,
  "dataset_path": "data/processed/mpdocvqa/val.jsonl",
  "visual_model_path": "/home/cuizhibin/projects/Models/nemotron-colembed-vl-8b-v2",
  "ocr_backend": "ocr_page_bm25_bge_rerank",
  "final_merge_strategy": "rrf",
  "rrf_k": 60,
  "visual_embedding_cache_hits": 172681,
  "visual_embedding_cache_misses": 19925,
  "ocr_bge_embedding_cache_hits": 4260,
  "ocr_bge_embedding_cache_misses": 927,
  "ocr_rerank_calls": 5187,
  "skipped_empty_candidates": 0
}