{
  "Top@1": 0.7169847696163486,
  "Recall@1": 0.7169847696163486,
  "Hit@1": 0.7169847696163486,
  "Top@5": 0.8993637941006362,
  "Recall@5": 0.8993637941006362,
  "Hit@5": 0.8993637941006362,
  "Top@10": 0.9359938307306729,
  "Recall@10": 0.9359938307306729,
  "Hit@10": 0.9359938307306729,
  "Top@20": 0.9631771737034895,
  "Recall@20": 0.9631771737034895,
  "Hit@20": 0.9631771737034895,
  "Top@50": 0.9849624060150376,
  "Recall@50": 0.9849624060150376,
  "Hit@50": 0.9849624060150376,
  "MRR": 0.7983417371652151,
  "PageAcc": 0.7169847696163486,
  "num_samples": 5187,
  "nDCG@5": 0.8180823273305644,
  "NDCG@5": 0.8180823273305644,
  "nDCG@10": 0.830065984767201,
  "NDCG@10": 0.830065984767201,
  "nDCG@20": 0.8369813345935093,
  "NDCG@20": 0.8369813345935093,
  "num_labeled_samples": 5187,
  "num_unique_docs": 927,
  "num_unique_pages": 192775,
  "avg_candidate_set_size": 37.16502795450164,
  "id_space": "{doc_id}_p{page_index}",
  "id_space_description": "canonical MP-DocVQA page ids derived from dataset.page_id_template",
  "runtime_seconds": 33324.66967285104,
  "bm25_runtime_seconds": 5414.603436560021,
  "visual_runtime_seconds": 27199.448376799526,
  "ocr_runtime_seconds": 710.6178594914963,
  "dynamic_runtime_seconds": 0.0,
  "avg_num_pages_before_coarse": 37.16502795450164,
  "avg_num_pages_after_coarse": 37.13244650086755,
  "coarse_topk": 600,
  "bm25_coarse_recall@10": 0.6761133603238867,
  "bm25_coarse_recall@50": 0.9024484287642183,
  "bm25_coarse_recall@100": 0.9637555427029111,
  "bm25_coarse_recall@600": 1.0,
  "dataset_path": "data/processed/mpdocvqa/val.jsonl",
  "visual_model_path": "/home/cuizhibin/projects/Models/nemotron-colembed-vl-8b-v2",
  "ocr_backend": "ocr_page_bm25_bge_rerank",
  "visual_backend": "nemotron-colembed-vl-8b-v2",
  "dynamic_stage": "dynamic_rules",
  "dynamic_weighting_reused_from": "colqwen_dynamic_branch",
  "checkpoint_subdir": "adaptive_fusion_dynamic_rules",
  "visual_embedding_cache_hits": 192606,
  "visual_embedding_cache_misses": 0,
  "ocr_bge_embedding_cache_hits": 2452,
  "ocr_bge_embedding_cache_misses": 800,
  "ocr_rerank_calls": 3252,
  "skipped_empty_candidates": 0,
  "embedding_cache_hits": 192606,
  "embedding_cache_misses": 0,
  "num_hot_cached_embeddings": 0,
  "num_known_disk_embeddings": 19938,
  "query_aware_visual_dominant_enabled": true,
  "route_conf_high": 0.25,
  "route_conf_low": 0.03,
  "lambda_ocr_generic": 0.04,
  "lambda_ocr_query": 0.1,
  "lambda_visual_query": 0.01,
  "num_route_visual_only": 1935,
  "num_route_visual_dominant_generic": 2855,
  "num_route_visual_dominant_ocr_query": 279,
  "num_route_visual_dominant_visual_query": 118,
  "route_visual_only_ratio": 0.373048004626952,
  "route_visual_dominant_generic_ratio": 0.5504144977829188,
  "route_visual_dominant_ocr_query_ratio": 0.05378831694621168,
  "route_visual_dominant_visual_query_ratio": 0.022749180643917486,
  "avg_confidence": 0.2588239956251431,
  "avg_lambda_ocr": 0.04405904059040712,
  "query_type_counts": {
    "ocr_query": 1290,
    "visual_query": 268,
    "generic_query": 3629
  },
  "fusion_equation": "final_score = normalized_visual_score + lambda_ocr * normalized_ocr_score",
  "rule_variant_name": "combined"
}