{
  "Top@1": 0.6373626373626373,
  "Recall@1": 0.6373626373626373,
  "Hit@1": 0.6373626373626373,
  "Top@5": 0.7804125698862541,
  "Recall@5": 0.7804125698862541,
  "Hit@5": 0.7804125698862541,
  "Top@10": 0.8083670715249662,
  "Recall@10": 0.8083670715249662,
  "Hit@10": 0.8083670715249662,
  "Top@20": 0.9512242143821091,
  "Recall@20": 0.9512242143821091,
  "Hit@20": 0.9512242143821091,
  "Top@50": 0.9832272990167727,
  "Recall@50": 0.9832272990167727,
  "Hit@50": 0.9832272990167727,
  "MRR": 0.7087872743201401,
  "PageAcc": 0.6373626373626373,
  "num_samples": 5187,
  "nDCG@5": 0.714085906810505,
  "NDCG@5": 0.714085906810505,
  "nDCG@10": 0.7234134009191123,
  "NDCG@10": 0.7234134009191123,
  "nDCG@20": 0.7617713052735229,
  "NDCG@20": 0.7617713052735229,
  "num_labeled_samples": 5187,
  "num_unique_docs": 927,
  "num_unique_pages": 192775,
  "avg_candidate_set_size": 37.16502795450164,
  "id_space": "{doc_id}_p{page_index}",
  "id_space_description": "canonical MP-DocVQA page ids derived from dataset.page_id_template",
  "runtime_seconds": 16093.684658562997,
  "bm25_runtime_seconds": 2033.0849811518565,
  "visual_runtime_seconds": 13538.94022640324,
  "ocr_runtime_seconds": 519.6220575887128,
  "merge_runtime_seconds": 2.0373934191884473,
  "avg_num_pages_before_coarse": 37.16502795450164,
  "avg_num_pages_after_coarse": 37.13244650086755,
  "coarse_topk": 600,
  "bm25_coarse_recall@10": 0.6761133603238867,
  "bm25_coarse_recall@50": 0.9024484287642183,
  "bm25_coarse_recall@100": 0.9637555427029111,
  "bm25_coarse_recall@600": 1.0,
  "dataset_path": "data/processed/mpdocvqa/val.jsonl",
  "visual_model_path": "/home/cuizhibin/projects/Models/nemotron-colembed-vl-8b-v2",
  "ocr_backend": "ocr_page_bm25_bge_rerank",
  "ocr_pipeline_variant": "page",
  "final_merge_strategy": "rrf",
  "rrf_k": 60,
  "visual_embedding_cache_hits": 192606,
  "visual_embedding_cache_misses": 0,
  "ocr_bge_embedding_cache_hits": 4260,
  "ocr_bge_embedding_cache_misses": 927,
  "ocr_rerank_calls": 5187,
  "ocr_chunk_total_chunks": 0,
  "ocr_chunk_rerank_samples": 0,
  "ocr_chunk_scores_changed_samples": 0,
  "skipped_empty_candidates": 0,
  "embedding_cache_hits": 192606,
  "embedding_cache_misses": 0,
  "num_hot_cached_embeddings": 0,
  "num_known_disk_embeddings": 19938,
  "selective_fusion_enabled": true,
  "selective_confidence_threshold": 0.15,
  "num_visual_only": 2358,
  "num_fusion": 2829,
  "visual_only_ratio": 0.45459803354540196,
  "fusion_ratio": 0.545401966454598,
  "avg_confidence": 0.2588239956251431
}