{
  "Recall@1": 0.5546558704453441,
  "Hit@1": 0.5546558704453441,
  "Recall@5": 0.8544438018122229,
  "Hit@5": 0.8544438018122229,
  "Recall@10": 0.9149797570850202,
  "Hit@10": 0.9149797570850202,
  "MRR": 0.6809779332335744,
  "PageAcc": 0.5546558704453441,
  "num_samples": 5187,
  "num_unique_docs": 927,
  "doc_text_cache_hits": 4260,
  "doc_text_cache_misses": 927,
  "doc_retriever_cache_hits": 4260,
  "doc_retriever_cache_misses": 927,
  "doc_visual_cache_hits": 4260,
  "doc_visual_cache_misses": 927
}