{
  "Recall@1": 0.21650279545016388,
  "Hit@1": 0.21650279545016388,
  "Recall@5": 0.5230383651436283,
  "Hit@5": 0.5230383651436283,
  "Recall@10": 0.6747638326585695,
  "Hit@10": 0.6747638326585695,
  "MRR": 0.3486168106468838,
  "PageAcc": 0.21650279545016388,
  "num_samples": 5187,
  "num_unique_docs": 927,
  "doc_ocr_bge_cache_hits": 4260,
  "doc_ocr_bge_cache_misses": 927,
  "ocr_rerank_calls": 0
}