{
  "Recall@1": 0.23558897243107768,
  "Hit@1": 0.23558897243107768,
  "Recall@5": 0.5521496047811837,
  "Hit@5": 0.5521496047811837,
  "Recall@10": 0.6911509543088491,
  "Hit@10": 0.6911509543088491,
  "MRR": 0.36973936673184693,
  "PageAcc": 0.23558897243107768,
  "num_samples": 5187,
  "num_unique_docs": 927,
  "doc_ocr_bge_cache_hits": 4260,
  "doc_ocr_bge_cache_misses": 927,
  "ocr_rerank_calls": 5187
}