{
  "Recall@1": 0.47117794486215536,
  "Hit@1": 0.47117794486215536,
  "Recall@5": 0.7295160979371506,
  "Hit@5": 0.7295160979371506,
  "Recall@10": 0.8023905918642761,
  "Hit@10": 0.8023905918642761,
  "MRR": 0.5810497703354863,
  "PageAcc": 0.47117794486215536,
  "num_samples": 5187,
  "num_unique_docs": 927,
  "coarse_chunk_recall@10": 0.7042606516290727,
  "coarse_chunk_recall@20": 0.8047040678619626,
  "coarse_chunk_recall@50": 0.8546365914786967,
  "coarse_page_recall@10": 0.7543859649122807,
  "coarse_page_recall@20": 0.8372855214960478,
  "coarse_page_recall@30": 0.8546365914786967,
  "coarse_page_recall@50": 0.8546365914786967,
  "avg_chunks_per_page": 98.27662380634206,
  "avg_tokens_per_chunk": 693.8387775074287,
  "max_tokens_per_chunk": 663500.0,
  "chunk_size": 128,
  "chunk_stride": 96,
  "aggregation_strategy": "max",
  "page_text_variant": "clean_page_text",
  "query_variant": "instruction_query",
  "coarse_topn": 30
}