{
  "Recall@1": 0.6427607480239059,
  "Hit@1": 0.6427607480239059,
  "Recall@5": 0.8764218237902448,
  "Hit@5": 0.8764218237902448,
  "Recall@10": 0.9207634470792365,
  "Hit@10": 0.9207634470792365,
  "MRR": 0.7420138410739944,
  "PageAcc": 0.6427607480239059,
  "num_samples": 5187,
  "num_unique_docs": 927,
  "doc_visual_cache_hits": 4260,
  "doc_visual_cache_misses": 927
}