{
  "Recall@1": 0.6978985926354347,
  "Hit@1": 0.6978985926354347,
  "Recall@5": 0.8937728937728938,
  "Hit@5": 0.8937728937728938,
  "Recall@10": 0.9332947754000386,
  "Hit@10": 0.9332947754000386,
  "MRR": 0.7825204800768722,
  "PageAcc": 0.6978985926354347,
  "num_samples": 5187,
  "num_unique_docs": 927,
  "doc_visual_cache_hits": 4260,
  "doc_visual_cache_misses": 927
}